title,price,link
"Samsung Galaxy Book4 Metal Intel Core i5 13th Gen 1335U - (8 GB/512 GB SSD/Windows
                    11 Home) NP750XGJ-K...","₹49,790",https://www.flipkart.com/samsung-galaxy-book4-metal-intel-core-i5-13th-gen-1335u-8-gb-512-gb-ssd-windows-11-home-np750xgj-kg1in-np750xgj-lg1in-np750xgj-lg6in-thin-light-laptop/p/itm1df5212efb9fc?pid=COMGZUYDFZXHWYWZ&lid=LSTCOMGZUYDFZXHWYWZJ6V2KW&marketplace=FLIPKART&q=laptop&store=6bo%2Fb5g&srno=s_1_1&otracker=search&otracker1=search&fm=organic&iid=en__jv_gqvxoNwRa7reHIQ9ZjGIhkodav0nkBavCBLCNrzlNbIYKwY6Sohxsc8FhWvpWfvoji5Qb3CdidnsAAcuOk4IsYyWu-Pj9cxFjFAoaLk%3D&ppt=None&ppn=None&ssid=u5hlqtj48w0000001773084071653&qH=312f91285e048e09&ov_redirect=true
"ASUS Expertbook P1 Intel Core i3 13th Gen 1315U - (8 GB/512 GB SSD/Windows 11 Home)
                    P1403CVA-S60343WS ...","₹38,990",https://www.flipkart.com/asus-expertbook-p1-intel-core-i3-13th-gen-1315u-8-gb-512-gb-ssd-windows-11-home-p1403cva-s60343ws-thin-light-laptop/p/itm275e21a6deac0?pid=COMH8Z2QRWQQZTCJ&lid=LSTCOMH8Z2QRWQQZTCJ7QVQUG&marketplace=FLIPKART&q=laptop&store=6bo%2Fb5g&srno=s_1_2&otracker=search&otracker1=search&fm=organic&iid=en__jv_gqvxoNwRa7reHIQ9ZjGIhkodav0nkBavCBLCNrxoEVs3O8Ub0UGWYvY9jw5pGoOC0fLm5aXQa_ExNPzNRIQEIsITtCzc4bHaOMTqL08%3D&ppt=None&ppn=None&ssid=u5hlqtj48w0000001773084071653&qH=312f91285e048e09&ov_redirect=true
Lenovo LOQ Essential Intel Core i7 12650HX - (16 GB/512 GB SSD/Windows 11 Home/6 GB Graphics/NVIDIA Ge...,"₹80,990",https://www.flipkart.com/lenovo-loq-essential-intel-core-i7-12650hx-16-gb-512-gb-ssd-windows-11-home-6-graphics-nvidia-geforce-rtx-4050-15iax9e-gaming-laptop/p/itmd07e54ebaf097?pid=COMHGEQVUDH5RKJH&lid=LSTCOMHGEQVUDH5RKJH61KR61&marketplace=FLIPKART&q=laptop&store=6bo%2Fb5g&srno=s_1_11&otracker=search&otracker1=search&fm=organic&iid=en__jv_gqvxoNwRa7reHIQ9ZjGIhkodav0nkBavCBLCNrymrZ6MYsGok4lQU5g53hmWavg4ech7pg1i_ol-KUa0PhwzNSegu-44dqPRuAwab_o%3D&ppt=None&ppn=None&ssid=u5hlqtj48w0000001773084071653&qH=312f91285e048e09&ov_redirect=true
Samsung Galaxy Book4 Metal Intel Core i3 13th Gen 1315U - (8 GB/512 GB SSD/Windows 11 Home) NP750XGJ-L...,"₹43,990",https://www.flipkart.com/samsung-galaxy-book4-metal-intel-core-i3-13th-gen-1315u-8-gb-512-gb-ssd-windows-11-home-np750xgj-lg9in-thin-light-laptop/p/itmc29d559898e6f?pid=COMH4Y6KKRC9YSWE&lid=LSTCOMH4Y6KKRC9YSWERDUMZD&marketplace=FLIPKART&q=laptop&store=6bo%2Fb5g&srno=s_1_12&otracker=search&otracker1=search&fm=organic&iid=en__jv_gqvxoNwRa7reHIQ9ZjGIhkodav0nkBavCBLCNrxeAWt2ZVcSjhet7CQ1OXBoa4sIMJpTUHtYIweD_q1LCA1kFuKnWaINrJqv3pKVKuU%3D&ppt=None&ppn=None&ssid=u5hlqtj48w0000001773084071653&qH=312f91285e048e09&ov_redirect=true
ASUS Vivobook Go 15 AMD Ryzen 5 Quad Core 7520U - (16 GB/512 GB SSD/Windows 11 Home) E1504FA-NJ5542WS ...,"₹45,960",https://www.flipkart.com/asus-vivobook-go-15-amd-ryzen-5-quad-core-7520u-16-gb-512-gb-ssd-windows-11-home-e1504fa-nj5542ws-e1504fa-nj1505ws-thin-light-laptop/p/itm24ce8ebbf5e72?pid=COMH8VXVXPVQTHHR&lid=LSTCOMH8VXVXPVQTHHRXOEFM3&marketplace=FLIPKART&q=laptop&store=6bo%2Fb5g&srno=s_1_13&otracker=search&otracker1=search&fm=organic&iid=fc3f6a77-b6e5-4731-a411-0f82a26290d3.COMH8VXVXPVQTHHR.SEARCH&ppt=None&ppn=None&ssid=u5hlqtj48w0000001773084071653&qH=312f91285e048e09&ov_redirect=true
ASUS TUF Gaming A15 (2025) AMD Ryzen 7 Hexa Core 7445HS - (16 GB/512 GB SSD/Windows 11 Home/4 GB Graph...,"₹71,000",https://www.flipkart.com/asus-tuf-gaming-a15-2025-amd-ryzen-7-hexa-core-7445hs-16-gb-512-gb-ssd-windows-11-home-4-graphics-nvidia-geforce-rtx-3050-144-hz-fa506ncg-hn199w-laptop/p/itmca7ce1e457d2f?pid=COMHEDHRYUAEEEJG&lid=LSTCOMHEDHRYUAEEEJGVUMLP8&marketplace=FLIPKART&q=laptop&store=6bo%2Fb5g&srno=s_1_14&otracker=search&otracker1=search&fm=organic&iid=fc3f6a77-b6e5-4731-a411-0f82a26290d3.COMHEDHRYUAEEEJG.SEARCH&ppt=None&ppn=None&ssid=u5hlqtj48w0000001773084071653&qH=312f91285e048e09&ov_redirect=true
Acer Aspire 15 AMD Ryzen 5 Hexa Core 7430U - (16 GB/512 GB SSD/Windows 11 Home) Aspire AS15-42 Thin an...,"₹40,990",https://www.flipkart.com/acer-aspire-15-amd-ryzen-5-hexa-core-7430u-16-gb-512-gb-ssd-windows-11-home-as15-42-thin-light-laptop/p/itmdaf15e01a1d1a?pid=COMH397XW36HUXB8&lid=LSTCOMH397XW36HUXB8LCSOPU&marketplace=FLIPKART&q=laptop&store=6bo%2Fb5g&srno=s_1_15&otracker=search&otracker1=search&fm=organic&iid=fc3f6a77-b6e5-4731-a411-0f82a26290d3.COMH397XW36HUXB8.SEARCH&ppt=None&ppn=None&ssid=u5hlqtj48w0000001773084071653&qH=312f91285e048e09&ov_redirect=true
HP Intel Core i3 N305 - (8 GB/Chrome OS) 15a-nb0002TU Chromebook,"₹29,990",https://www.flipkart.com/hp-intel-core-i3-n305-8-gb-chrome-os-15a-nb0002tu-chromebook/p/itm49c5d20208887?pid=COMGQY48SSDS4AZ8&lid=LSTCOMGQY48SSDS4AZ8QA8HGM&marketplace=FLIPKART&q=laptop&store=6bo%2Fb5g&spotlightTagId=default_TrendingId_6bo%2Fb5g&srno=s_1_16&otracker=search&otracker1=search&fm=organic&iid=fc3f6a77-b6e5-4731-a411-0f82a26290d3.COMGQY48SSDS4AZ8.SEARCH&ppt=None&ppn=None&ssid=u5hlqtj48w0000001773084071653&qH=312f91285e048e09&ov_redirect=true
Lenovo LOQ Intel Core i5 13th Gen 13450HX - (16 GB/512 GB SSD/Windows 11 Home/6 GB Graphics/NVIDIA GeF...,"₹90,990",https://www.flipkart.com/lenovo-loq-intel-core-i5-13th-gen-13450hx-16-gb-512-gb-ssd-windows-11-home-6-graphics-nvidia-geforce-rtx-4050-15irx9-gaming-laptop/p/itm975f0ea246a0e?pid=COMHYXV9DUMPQSZA&lid=LSTCOMHYXV9DUMPQSZA1UUBRE&marketplace=FLIPKART&q=laptop&store=6bo%2Fb5g&srno=s_1_17&otracker=search&otracker1=search&fm=organic&iid=en__jv_gqvxoNwRa7reHIQ9ZjGIhkodav0nkBavCBLCNry7uSdYLhj94nY2tztrXDRGsWk--bwri7HQsnMNpKgicXtjxUXD9W_ExODsgnsmU2Y%3D&ppt=None&ppn=None&ssid=u5hlqtj48w0000001773084071653&qH=312f91285e048e09&ov_redirect=true
ASUS ExpertBook P1 (i5 14th Gen) Intel Core 5 210H - (16 GB/512 GB SSD/Windows 11 Home) P1503CVA-S7222...,"₹55,990",https://www.flipkart.com/asus-expertbook-p1-i5-14th-gen-intel-core-5-210h-16-gb-512-gb-ssd-windows-11-home-p1503cva-s72222ws-laptop/p/itm729cd00980e6a?pid=COMHGYAFCZG8YRYS&lid=LSTCOMHGYAFCZG8YRYSWDI8LO&marketplace=FLIPKART&q=laptop&store=6bo%2Fb5g&srno=s_1_18&otracker=search&otracker1=search&fm=organic&iid=en__jv_gqvxoNwRa7reHIQ9ZjGIhkodav0nkBavCBLCNryLuMA85lo91FPPK8G0Jw2v7sxbFdVnWti9oHG1WvcoAx7zrT4gkWAkPCdPBnPCejA%3D&ppt=None&ppn=None&ssid=u5hlqtj48w0000001773084071653&qH=312f91285e048e09&ov_redirect=true
ASUS Vivobook Go 15 AMD Ryzen 5 Quad Core 7520U - (8 GB/512 GB SSD/Windows 11 Home) E1504FA-NJ133WS | ...,"₹37,990",https://www.flipkart.com/asus-vivobook-go-15-amd-ryzen-5-quad-core-7520u-8-gb-512-gb-ssd-windows-11-home-e1504fa-nj133ws-e1504fa-nj522ws-thin-light-laptop/p/itm45fbf62c111f5?pid=COMH9499ZGGSBUHQ&lid=LSTCOMH9499ZGGSBUHQNDCH7U&marketplace=FLIPKART&q=laptop&store=6bo%2Fb5g&spotlightTagId=default_TrendingId_6bo%2Fb5g&srno=s_1_19&otracker=search&otracker1=search&fm=organic&iid=fc3f6a77-b6e5-4731-a411-0f82a26290d3.COMH9499ZGGSBUHQ.SEARCH&ppt=None&ppn=None&ssid=u5hlqtj48w0000001773084071653&qH=312f91285e048e09&ov_redirect=true
Ultimus APEX Pro Intel Pentium Quad Core N4200 - (4 GB/128 GB SSD/128 GB EMMC Storage/Windows 11 Home)...,"₹13,990",https://www.flipkart.com/ultimus-apex-pro-intel-pentium-quad-core-n4200-4-gb-128-gb-ssd-128-emmc-storage-windows-11-home-nu14u8inb43sn-cs-laptop/p/itma4de681706501?pid=COMHESPKQJYNFQQC&lid=LSTCOMHESPKQJYNFQQCBJZKJY&marketplace=FLIPKART&q=laptop&store=6bo%2Fb5g&srno=s_1_20&otracker=search&otracker1=search&fm=organic&iid=fc3f6a77-b6e5-4731-a411-0f82a26290d3.COMHESPKQJYNFQQC.SEARCH&ppt=None&ppn=None&ssid=u5hlqtj48w0000001773084071653&qH=312f91285e048e09&ov_redirect=true
"ASUS Vivobook Go 15 (2025) with Office 2024 + M365 Basic*, AMD Ryzen 3 Quad Core 7320U - (16 GB/512 GB...","₹35,990",https://www.flipkart.com/asus-vivobook-go-15-2025-office-2024-m365-basic-amd-ryzen-3-quad-core-7320u-16-gb-512-gb-ssd-windows-11-home-e1504fa-bq2343ws-thin-light-laptop/p/itm7ff34a6e7f0c7?pid=COMHEZZTU6WC2M2H&lid=LSTCOMHEZZTU6WC2M2HMNXX7O&marketplace=FLIPKART&q=laptop&store=6bo%2Fb5g&srno=s_1_3&otracker=search&otracker1=search&fm=organic&iid=fc3f6a77-b6e5-4731-a411-0f82a26290d3.COMHEZZTU6WC2M2H.SEARCH&ppt=None&ppn=None&ssid=u5hlqtj48w0000001773084071653&qH=312f91285e048e09&ov_redirect=true
MOTOROLA Motobook 60 Full Metal OLED (i5 14th Gen) Intel Core 5 (Series 2) 210H - (16 GB/512 GB SSD/Wi...,"₹49,990",https://www.flipkart.com/motorola-motobook-60-full-metal-oled-i5-14th-gen-intel-core-5-series-2-210h-16-gb-512-gb-ssd-windows-11-home-14irh10r-thin-light-laptop/p/itme7b254581c42e?pid=COMHAUZW4MMNNCGT&lid=LSTCOMHAUZW4MMNNCGTEVATRK&marketplace=FLIPKART&q=laptop&store=6bo%2Fb5g&srno=s_1_21&otracker=search&otracker1=search&fm=organic&iid=en__jv_gqvxoNwRa7reHIQ9ZjGIhkodav0nkBavCBLCNrwJY56HFlObJVxb-pGd8k5r8B9zz3p1e3tT_c6M6IIHbDaXAI15xQIPam6Hsx54Dy4%3D&ppt=None&ppn=None&ssid=u5hlqtj48w0000001773084071653&qH=312f91285e048e09&ov_redirect=true
ASUS Expertbook P1 Intel Core i3 13th Gen 1315U - (16 GB/512 GB SSD/Windows 11 Home) P1503CVA-S71074WS...,"₹43,990",https://www.flipkart.com/asus-expertbook-p1-intel-core-i3-13th-gen-1315u-16-gb-512-gb-ssd-windows-11-home-p1503cva-s71074ws-thin-light-laptop/p/itmf84b442d31b6b?pid=COMH8Z2QENXVKHGX&lid=LSTCOMH8Z2QENXVKHGXT2JJBZ&marketplace=FLIPKART&q=laptop&store=6bo%2Fb5g&srno=s_1_22&otracker=search&otracker1=search&fm=organic&iid=en__jv_gqvxoNwRa7reHIQ9ZjGIhkodav0nkBavCBLCNrzJ4EogovQWbxA4mzHRUem2ARtlyIS6IaikCFw9yZtX81mOBtEFy0FmBP0CX6jfuRQ%3D&ppt=None&ppn=None&ssid=u5hlqtj48w0000001773084071653&qH=312f91285e048e09&ov_redirect=true
Acer Aspire 3 Intel Celeron Dual Core - (8 GB/512 GB SSD/Windows 11 Home) A311-45 Thin and Light Lapto...,"₹24,224",https://www.flipkart.com/acer-aspire-3-intel-celeron-dual-core-8-gb-512-gb-ssd-windows-11-home-a311-45-thin-light-laptop/p/itmad38595c5a902?pid=COMH7NCZY2QDJ5Z4&lid=LSTCOMH7NCZY2QDJ5Z4NYYVCO&marketplace=FLIPKART&q=laptop&store=6bo%2Fb5g&spotlightTagId=default_BestsellerId_6bo%2Fb5g&srno=s_1_23&otracker=search&otracker1=search&fm=organic&iid=fc3f6a77-b6e5-4731-a411-0f82a26290d3.COMH7NCZY2QDJ5Z4.SEARCH&ppt=None&ppn=None&ssid=u5hlqtj48w0000001773084071653&qH=312f91285e048e09&ov_redirect=true
HP 15s AMD Ryzen 5 Quad Core 7520U - (16 GB/512 GB SSD/Windows 11 Home) 15-fc0030AU | 15-fc0690AU Thin...,"₹46,990",https://www.flipkart.com/hp-15s-amd-ryzen-5-quad-core-7520u-16-gb-512-gb-ssd-windows-11-home-15-fc0030au-15-fc0690au-thin-light-laptop/p/itm6ce58d3e95838?pid=COMGZNSBGP8AGWVF&lid=LSTCOMGZNSBGP8AGWVFFLW3FB&marketplace=FLIPKART&q=laptop&store=6bo%2Fb5g&srno=s_1_24&otracker=search&otracker1=search&fm=organic&iid=fc3f6a77-b6e5-4731-a411-0f82a26290d3.COMGZNSBGP8AGWVF.SEARCH&ppt=None&ppn=None&ssid=u5hlqtj48w0000001773084071653&qH=312f91285e048e09&ov_redirect=true
HP 15 (2025) AMD Ryzen 3 Quad Core 7320U - (16 GB/512 GB SSD/Windows 11 Home) 15 Thin and Light Laptop,"₹42,335",https://www.flipkart.com/hp-15-2025-amd-ryzen-3-quad-core-7320u-16-gb-512-gb-ssd-windows-11-home-thin-light-laptop/p/itm21a0e5d4cf930?pid=COMHFAGV48GAS4DV&lid=LSTCOMHFAGV48GAS4DVNSUQ2I&marketplace=FLIPKART&q=laptop&store=6bo%2Fb5g&srno=s_2_26&otracker=search&otracker1=search&fm=Search&iid=28b1d244-e5a1-44c5-8cb4-38a5015c52f5.COMHFAGV48GAS4DV.SEARCH&ppt=sp&ppn=sp&ssid=rpn4rftznk0000001773084080396&qH=312f91285e048e09&ov_redirect=true
Samsung Galaxy Book4 Metal Intel Core i5 13th Gen 1335U - (8 GB/512 GB SSD/Windows 11 Home) NP750XGJ-K...,"₹49,790",https://www.flipkart.com/samsung-galaxy-book4-metal-intel-core-i5-13th-gen-1335u-8-gb-512-gb-ssd-windows-11-home-np750xgj-kg1in-np750xgj-lg1in-np750xgj-lg6in-thin-light-laptop/p/itm1df5212efb9fc?pid=COMGZUYDFZXHWYWZ&lid=LSTCOMGZUYDFZXHWYWZJ6V2KW&marketplace=FLIPKART&q=laptop&store=6bo%2Fb5g&srno=s_2_27&otracker=search&otracker1=search&fm=Search&iid=en_llrvDujbksn3C8hbsFQ0yqJNrv963aTjdA48hb7QoPsgQmZvD9dLkWfpXvdR8UeTWfvoji5Qb3CdidnsAAcuOk4IsYyWu-Pj9cxFjFAoaLk%3D&ppt=sp&ppn=sp&ssid=rpn4rftznk0000001773084080396&qH=312f91285e048e09&ov_redirect=true
ASUS Expertbook P1 Intel Core i3 13th Gen 1315U - (8 GB/512 GB SSD/Windows 11 Home) P1403CVA-S60343WS ...,"₹38,990",https://www.flipkart.com/asus-expertbook-p1-intel-core-i3-13th-gen-1315u-8-gb-512-gb-ssd-windows-11-home-p1403cva-s60343ws-thin-light-laptop/p/itm275e21a6deac0?pid=COMH8Z2QRWQQZTCJ&lid=LSTCOMH8Z2QRWQQZTCJ7QVQUG&marketplace=FLIPKART&q=laptop&store=6bo%2Fb5g&srno=s_2_28&otracker=search&otracker1=search&fm=Search&iid=en_llrvDujbksn3C8hbsFQ0yqJNrv963aTjdA48hb7QoPsM9IUD_FOcGCQJZRYHKV5NGoOC0fLm5aXQa_ExNPzNRIQEIsITtCzc4bHaOMTqL08%3D&ppt=sp&ppn=sp&ssid=rpn4rftznk0000001773084080396&qH=312f91285e048e09&ov_redirect=true
Lenovo IdeaPad Slim 3 15ABR8 AMD Ryzen 5 Hexa Core 5625U - (16 GB/512 GB SSD/Windows 11 Home) 82XM00QD...,"₹52,139",https://www.flipkart.com/lenovo-ideapad-slim-3-15abr8-amd-ryzen-5-hexa-core-5625u-16-gb-512-gb-ssd-windows-11-home-82xm00qdin-thin-light-laptop/p/itm1728625e47c8e?pid=COMHA9FKHGD4RUXN&lid=LSTCOMHA9FKHGD4RUXNCJKFH1&marketplace=FLIPKART&q=laptop&store=6bo%2Fb5g&srno=s_2_29&otracker=search&otracker1=search&fm=Search&iid=28b1d244-e5a1-44c5-8cb4-38a5015c52f5.COMHA9FKHGD4RUXN.SEARCH&ppt=sp&ppn=sp&ssid=rpn4rftznk0000001773084080396&qH=312f91285e048e09&ov_redirect=true
ASUS Expertbook P1 Intel Core i3 13th Gen 1315U - (16 GB/512 GB SSD/Windows 11 Home) P1403CVA-S60938WS...,"₹43,990",https://www.flipkart.com/asus-expertbook-p1-intel-core-i3-13th-gen-1315u-16-gb-512-gb-ssd-windows-11-home-p1403cva-s60938ws-thin-light-laptop/p/itm0af4b81838b5b?pid=COMH8Z2QAWCCUCSP&lid=LSTCOMH8Z2QAWCCUCSPPZPFKG&marketplace=FLIPKART&q=laptop&store=6bo%2Fb5g&srno=s_2_30&otracker=search&otracker1=search&fm=Search&iid=28b1d244-e5a1-44c5-8cb4-38a5015c52f5.COMH8Z2QAWCCUCSP.SEARCH&ppt=sp&ppn=sp&ssid=rpn4rftznk0000001773084080396&qH=312f91285e048e09&ov_redirect=true
ASUS Chromebook CX14 Intel Celeron Dual Core N4500 - (4 GB/64 GB EMMC Storage/Chrome OS) CX1405CKA-NK0...,"₹15,942",https://www.flipkart.com/asus-chromebook-cx14-intel-celeron-dual-core-n4500-4-gb-64-gb-emmc-storage-chrome-os-cx1405cka-nk0154-cx1405cka-s60342/p/itm076cdd51ac69a?pid=COMHDDZ7PYJZSGUZ&lid=LSTCOMHDDZ7PYJZSGUZKERLBX&marketplace=FLIPKART&q=laptop&store=6bo%2Fb5g&srno=s_2_31&otracker=search&otracker1=search&fm=Search&iid=en_llrvDujbksn3C8hbsFQ0yqJNrv963aTjdA48hb7QoPs7Y909OwEegwqXzquvhTStb7qht5bmh0X-rWvJ2bNIpkKsf8s6I2Oz2HOgbXTo_9U%3D&ppt=sp&ppn=sp&ssid=rpn4rftznk0000001773084080396&qH=312f91285e048e09&ov_redirect=true
Lenovo LOQ Essential Intel Core i7 12650HX - (16 GB/512 GB SSD/Windows 11 Home/6 GB Graphics/NVIDIA Ge...,"₹80,990",https://www.flipkart.com/lenovo-loq-essential-intel-core-i7-12650hx-16-gb-512-gb-ssd-windows-11-home-6-graphics-nvidia-geforce-rtx-4050-15iax9e-gaming-laptop/p/itmd07e54ebaf097?pid=COMHGEQVUDH5RKJH&lid=LSTCOMHGEQVUDH5RKJH61KR61&marketplace=FLIPKART&q=laptop&store=6bo%2Fb5g&srno=s_2_32&otracker=search&otracker1=search&fm=Search&iid=en_llrvDujbksn3C8hbsFQ0yqJNrv963aTjdA48hb7QoPsWmbhoaWmUoLmfQtdul16nRxp07jtufOQ2C4oiRaehYZe-z4QeXgTJhz6ZDqqUM18%3D&ppt=sp&ppn=sp&ssid=rpn4rftznk0000001773084080396&qH=312f91285e048e09&ov_redirect=true
"ASUS Vivobook Go 15 (2025) with Office 2024 + M365 Basic*, Backlit Keyboard, AMD Ryzen 5 Quad Core 752...","₹42,990",https://www.flipkart.com/asus-vivobook-go-15-2025-office-2024-m365-basic-backlit-keyboard-amd-ryzen-5-quad-core-7520u-16-gb-512-gb-ssd-windows-11-home-e1504fa-bq2543ws-thin-light-laptop/p/itmef216cf26f85c?pid=COMHCQ5EJAN4SYC7&lid=LSTCOMHCQ5EJAN4SYC7AENXD4&marketplace=FLIPKART&q=laptop&store=6bo%2Fb5g&srno=s_2_33&otracker=search&otracker1=search&fm=Search&iid=28b1d244-e5a1-44c5-8cb4-38a5015c52f5.COMHCQ5EJAN4SYC7.SEARCH&ppt=sp&ppn=sp&ssid=rpn4rftznk0000001773084080396&qH=312f91285e048e09&ov_redirect=true
ASUS Vivobook Go 14 (2025) with Office 2024 + M365 Basic* AMD Ryzen 5 Quad Core 7520U - (16 GB/512 GB ...,"₹42,990",https://www.flipkart.com/asus-vivobook-go-14-2025-office-2024-m365-basic-amd-ryzen-5-quad-core-7520u-16-gb-512-gb-ssd-windows-11-home-e1404fa-nk5542ws-e1404fa-eb2542ws-thin-light-laptop/p/itm6d858ada67799?pid=COMH9SJ93XBRGZJ7&lid=LSTCOMH9SJ93XBRGZJ7A93KBC&marketplace=FLIPKART&q=laptop&store=6bo%2Fb5g&srno=s_2_34&otracker=search&otracker1=search&fm=Search&iid=28b1d244-e5a1-44c5-8cb4-38a5015c52f5.COMH9SJ93XBRGZJ7.SEARCH&ppt=sp&ppn=sp&ssid=rpn4rftznk0000001773084080396&qH=312f91285e048e09&ov_redirect=true
Primebook 2 Max (2025) in-Built AI MediaTek Helio G99 (MT8781) - (8 GB/256 GB/Android 15) PBG9915256#4...,"₹22,990",https://www.flipkart.com/primebook-2-max-2025-in-built-ai-mediatek-helio-g99-mt8781-8-gb-256-gb-android-15-pbg9915256-4278c-laptop/p/itmf01b454e9ac40?pid=COMHDGD5CQJVZUH7&lid=LSTCOMHDGD5CQJVZUH73W3DYP&marketplace=FLIPKART&q=laptop&store=6bo%2Fb5g&srno=s_2_35&otracker=search&otracker1=search&fm=Search&iid=28b1d244-e5a1-44c5-8cb4-38a5015c52f5.COMHDGD5CQJVZUH7.SEARCH&ppt=sp&ppn=sp&ssid=rpn4rftznk0000001773084080396&qH=312f91285e048e09&ov_redirect=true
ASUS Expertbook P1 Intel Core i3 13th Gen 1315U - (8 GB/512 GB SSD/Windows 11 Home) P1503CVA-S70501WS ...,"₹38,990",https://www.flipkart.com/asus-expertbook-p1-intel-core-i3-13th-gen-1315u-8-gb-512-gb-ssd-windows-11-home-p1503cva-s70501ws-thin-light-laptop/p/itm5b59a30b4c016?pid=COMH8Z2QADYUVZN8&lid=LSTCOMH8Z2QADYUVZN8LRHSHZ&marketplace=FLIPKART&q=laptop&store=6bo%2Fb5g&srno=s_2_36&otracker=search&otracker1=search&fm=Search&iid=28b1d244-e5a1-44c5-8cb4-38a5015c52f5.COMH8Z2QADYUVZN8.SEARCH&ppt=sp&ppn=sp&ssid=rpn4rftznk0000001773084080396&qH=312f91285e048e09&ov_redirect=true
Samsung Galaxy Book4 Metal Intel Core i3 13th Gen 1315U - (8 GB/512 GB SSD/Windows 11 Home) NP750XGJ-L...,"₹43,990",https://www.flipkart.com/samsung-galaxy-book4-metal-intel-core-i3-13th-gen-1315u-8-gb-512-gb-ssd-windows-11-home-np750xgj-lg9in-thin-light-laptop/p/itmc29d559898e6f?pid=COMH4Y6KKRC9YSWE&lid=LSTCOMH4Y6KKRC9YSWERDUMZD&marketplace=FLIPKART&q=laptop&store=6bo%2Fb5g&srno=s_2_37&otracker=search&otracker1=search&fm=Search&iid=en_llrvDujbksn3C8hbsFQ0yqJNrv963aTjdA48hb7QoPtWfNH0mItKovEVaACXUWNCytmgAA-hN66mrwb0lnxcqUhz9c-MSIoFe8xMxkfU6dM%3D&ppt=sp&ppn=sp&ssid=rpn4rftznk0000001773084080396&qH=312f91285e048e09&ov_redirect=true
Lenovo LOQ Intel Core i5 13th Gen 13450HX - (16 GB/512 GB SSD/Windows 11 Home/6 GB Graphics/NVIDIA GeF...,"₹90,990",https://www.flipkart.com/lenovo-loq-intel-core-i5-13th-gen-13450hx-16-gb-512-gb-ssd-windows-11-home-6-graphics-nvidia-geforce-rtx-4050-15irx9-gaming-laptop/p/itm975f0ea246a0e?pid=COMHYXV9DUMPQSZA&lid=LSTCOMHYXV9DUMPQSZA1UUBRE&marketplace=FLIPKART&q=laptop&store=6bo%2Fb5g&srno=s_2_38&otracker=search&otracker1=search&fm=Search&iid=en_llrvDujbksn3C8hbsFQ0yqJNrv963aTjdA48hb7QoPvTre3N4aZPzBDbgc07NYqaiJKdNHT3BsGjtsqd-E5OS9T29QNQVU4kmpt6AERHFAg%3D&ppt=sp&ppn=sp&ssid=rpn4rftznk0000001773084080396&qH=312f91285e048e09&ov_redirect=true
Acer Nitro V 15 Intel Core i5 13th Gen 13420H - (16 GB/512 GB SSD/Windows 11 Home/8 GB Graphics/NVIDIA...,"₹81,490",https://www.flipkart.com/acer-nitro-v-15-intel-core-i5-13th-gen-13420h-16-gb-512-gb-ssd-windows-11-home-8-graphics-nvidia-geforce-rtx-5050-anv15-52-gaming-laptop/p/itm5275d4567d04c?pid=COMHF8KZGUMD7GHG&lid=LSTCOMHF8KZGUMD7GHGBONZPK&marketplace=FLIPKART&q=laptop&store=6bo%2Fb5g&srno=s_2_39&otracker=search&otracker1=search&fm=Search&iid=28b1d244-e5a1-44c5-8cb4-38a5015c52f5.COMHF8KZGUMD7GHG.SEARCH&ppt=sp&ppn=sp&ssid=rpn4rftznk0000001773084080396&qH=312f91285e048e09&ov_redirect=true
ASUS Vivobook Go 15 AMD Ryzen 5 Quad Core 7520U - (8 GB/512 GB SSD/Windows 11 Home) E1504FA-NJ132WS | ...,"₹37,990",https://www.flipkart.com/asus-vivobook-go-15-amd-ryzen-5-quad-core-7520u-8-gb-512-gb-ssd-windows-11-home-e1504fa-nj132ws-e1504fa-nj521ws-thin-light-laptop/p/itm657eb80ea799a?pid=COMH9499JNGDGTZ5&lid=LSTCOMH9499JNGDGTZ5WJGUDN&marketplace=FLIPKART&q=laptop&store=6bo%2Fb5g&srno=s_1_5&otracker=search&otracker1=search&fm=organic&iid=fc3f6a77-b6e5-4731-a411-0f82a26290d3.COMH9499JNGDGTZ5.SEARCH&ppt=None&ppn=None&ssid=u5hlqtj48w0000001773084071653&qH=312f91285e048e09&ov_redirect=true
MOTOROLA Motobook 60 Full Metal OLED (i5 14th Gen) Intel Core 5 (Series 2) 210H - (16 GB/512 GB SSD/Wi...,"₹49,990",https://www.flipkart.com/motorola-motobook-60-full-metal-oled-i5-14th-gen-intel-core-5-series-2-210h-16-gb-512-gb-ssd-windows-11-home-14irh10r-thin-light-laptop/p/itme7b254581c42e?pid=COMHAUZW4MMNNCGT&lid=LSTCOMHAUZW4MMNNCGTEVATRK&marketplace=FLIPKART&q=laptop&store=6bo%2Fb5g&srno=s_2_41&otracker=search&otracker1=search&fm=Search&iid=en_llrvDujbksn3C8hbsFQ0yqJNrv963aTjdA48hb7QoPvB96LHjChG8fCAhCzgNIQY7l7rrrqzQ9vop1cxSs4eNGVkv0XZFiOX7bbXdlao_f8%3D&ppt=sp&ppn=sp&ssid=rpn4rftznk0000001773084080396&qH=312f91285e048e09&ov_redirect=true
ASUS ExpertBook P1 (i5 14th Gen) Intel Core 5 210H - (16 GB/512 GB SSD/Windows 11 Home) P1503CVA-S7222...,"₹55,990",https://www.flipkart.com/asus-expertbook-p1-i5-14th-gen-intel-core-5-210h-16-gb-512-gb-ssd-windows-11-home-p1503cva-s72222ws-laptop/p/itm729cd00980e6a?pid=COMHGYAFCZG8YRYS&lid=LSTCOMHGYAFCZG8YRYSWDI8LO&marketplace=FLIPKART&q=laptop&store=6bo%2Fb5g&srno=s_2_42&otracker=search&otracker1=search&fm=Search&iid=en_llrvDujbksn3C8hbsFQ0yqJNrv963aTjdA48hb7QoPvdY010rPYHd28cLyD9gwgg0FcBH4rr6G13cFR4XiQkX_cUmN_6PwCReg_VTM4VLxo%3D&ppt=sp&ppn=sp&ssid=rpn4rftznk0000001773084080396&qH=312f91285e048e09&ov_redirect=true
Ultimus APEX BOLD N Intel Pentium Quad Core N4200 - (8 GB/256 GB SSD/Windows 11 Home) NU14U9INC54LS-MS...,"₹18,990",https://www.flipkart.com/ultimus-apex-bold-n-intel-pentium-quad-core-n4200-8-gb-256-gb-ssd-windows-11-home-nu14u9inc54ls-ms-thin-light-laptop/p/itm1e77bb454cd56?pid=COMHJV4XCMCGUGHV&lid=LSTCOMHJV4XCMCGUGHVWENG8U&marketplace=FLIPKART&q=laptop&store=6bo%2Fb5g&srno=s_2_43&otracker=search&otracker1=search&fm=Search&iid=28b1d244-e5a1-44c5-8cb4-38a5015c52f5.COMHJV4XCMCGUGHV.SEARCH&ppt=sp&ppn=sp&ssid=rpn4rftznk0000001773084080396&qH=312f91285e048e09&ov_redirect=true
ASUS Chromebook CX1 Intel Celeron Dual Core N4500 - (8 GB/64 GB EMMC Storage/Chrome OS) CX1500FKA-E800...,"₹14,990",https://www.flipkart.com/asus-chromebook-cx1-intel-celeron-dual-core-n4500-8-gb-64-gb-emmc-storage-chrome-os-cx1500fka-e80077/p/itmc3a427ff85ecc?pid=COMH96FBYAZVGHST&lid=LSTCOMH96FBYAZVGHSTRBQWWM&marketplace=FLIPKART&q=laptop&store=6bo%2Fb5g&srno=s_2_44&otracker=search&otracker1=search&fm=Search&iid=28b1d244-e5a1-44c5-8cb4-38a5015c52f5.COMH96FBYAZVGHST.SEARCH&ppt=sp&ppn=sp&ssid=rpn4rftznk0000001773084080396&qH=312f91285e048e09&ov_redirect=true
DELL 15 Intel Core i3 13th Gen 1305U - (16 GB/512 GB SSD/Windows 11 Home) 3530 Thin and Light Laptop,"₹42,990",https://www.flipkart.com/dell-15-intel-core-i3-13th-gen-1305u-16-gb-512-gb-ssd-windows-11-home-3530-thin-light-laptop/p/itm7e8388959b785?pid=COMHD99W94EPN2H2&lid=LSTCOMHD99W94EPN2H2YGXX3B&marketplace=FLIPKART&q=laptop&store=6bo%2Fb5g&srno=s_2_45&otracker=search&otracker1=search&fm=Search&iid=28b1d244-e5a1-44c5-8cb4-38a5015c52f5.COMHD99W94EPN2H2.SEARCH&ppt=sp&ppn=sp&ssid=rpn4rftznk0000001773084080396&qH=312f91285e048e09&ov_redirect=true
"ASUS Vivobook Go 15 (2025) with Office 2024 + M365 Basic*, AMD Ryzen 5 Quad Core 7520U - (8 GB/512 GB ...","₹37,990",https://www.flipkart.com/asus-vivobook-go-15-2025-office-2024-m365-basic-amd-ryzen-5-quad-core-7520u-8-gb-512-gb-ssd-windows-11-home-e1504fa-bq2523ws-thin-light-laptop/p/itm313aa4209e563?pid=COMHCQ5EGANGZ3NN&lid=LSTCOMHCQ5EGANGZ3NNE2UYYT&marketplace=FLIPKART&q=laptop&store=6bo%2Fb5g&srno=s_2_46&otracker=search&otracker1=search&fm=Search&iid=28b1d244-e5a1-44c5-8cb4-38a5015c52f5.COMHCQ5EGANGZ3NN.SEARCH&ppt=sp&ppn=sp&ssid=rpn4rftznk0000001773084080396&qH=312f91285e048e09&ov_redirect=true
ASUS Expertbook P1 Intel Core i3 13th Gen 1315U - (16 GB/512 GB SSD/Windows 11 Home) P1503CVA-S71074WS...,"₹43,990",https://www.flipkart.com/asus-expertbook-p1-intel-core-i3-13th-gen-1315u-16-gb-512-gb-ssd-windows-11-home-p1503cva-s71074ws-thin-light-laptop/p/itmf84b442d31b6b?pid=COMH8Z2QENXVKHGX&lid=LSTCOMH8Z2QENXVKHGXT2JJBZ&marketplace=FLIPKART&q=laptop&store=6bo%2Fb5g&srno=s_2_47&otracker=search&otracker1=search&fm=Search&iid=en_llrvDujbksn3C8hbsFQ0yqJNrv963aTjdA48hb7QoPv_5Ynx7uB3DPqWNx3XNsvoiEkt9NjOMvtPoytLJ8QjUeI7uWi7bi3WLqk6JF-UYDE%3D&ppt=sp&ppn=sp&ssid=rpn4rftznk0000001773084080396&qH=312f91285e048e09&ov_redirect=true
Samsung Galaxy Book4 Edge Series Copilot AI-PC Full Metal Chasis Snapdragon X - (16 GB/512 GB SSD/Wind...,"₹70,800",https://www.flipkart.com/samsung-galaxy-book4-edge-series-copilot-ai-pc-full-metal-chasis-snapdragon-x-16-gb-512-gb-ssd-windows-11-home-np750xqb-ka1in-thin-light-laptop/p/itm1d61ec8d90cc7?pid=COMHE4ATFWNVHXHS&lid=LSTCOMHE4ATFWNVHXHSIHS0FO&marketplace=FLIPKART&q=laptop&store=6bo%2Fb5g&srno=s_2_48&otracker=search&otracker1=search&fm=Search&iid=en_llrvDujbksn3C8hbsFQ0yqJNrv963aTjdA48hb7QoPuVTAMOPMU0ce5vsMwVSLKGOYPBgHkIWK98lFmD7errFX2jGuDLx_cmoBdxLHagfOw%3D&ppt=sp&ppn=sp&ssid=rpn4rftznk0000001773084080396&qH=312f91285e048e09&ov_redirect=true
Acer Aspire 3 Intel Celeron Dual Core - (8 GB/128 GB SSD/Windows 11 Home) A311-45 Thin and Light Lapto...,"₹22,744",https://www.flipkart.com/acer-aspire-3-intel-celeron-dual-core-8-gb-128-gb-ssd-windows-11-home-a311-45-thin-light-laptop/p/itmad38595c5a902?pid=COMH7NCZGGGWQC4W&lid=LSTCOMH7NCZGGGWQC4WBAKKIQ&marketplace=FLIPKART&q=laptop&store=6bo%2Fb5g&srno=s_3_49&otracker=search&otracker1=search&fm=Search&iid=c9376ddd-4897-4ba6-a90c-70a73bd237cc.COMH7NCZGGGWQC4W.SEARCH&ppt=sp&ppn=sp&ssid=jj0u4ypmv40000001773084086446&qH=312f91285e048e09&ov_redirect=true
HP 15 Intel Core i5 13th Gen 1335U - (16 GB/512 GB SSD/Windows 11 Home) 15-fd0576TU / 15-fd0467TU Thin...,"₹57,490",https://www.flipkart.com/hp-15-intel-core-i5-13th-gen-1335u-16-gb-512-gb-ssd-windows-11-home-15-fd0576tu-15-fd0467tu-thin-light-laptop/p/itm3d552029526ba?pid=COMH8QXWHJRQKR6P&lid=LSTCOMH8QXWHJRQKR6PW3FWJH&marketplace=FLIPKART&q=laptop&store=6bo%2Fb5g&srno=s_3_50&otracker=search&otracker1=search&fm=Search&iid=c9376ddd-4897-4ba6-a90c-70a73bd237cc.COMH8QXWHJRQKR6P.SEARCH&ppt=sp&ppn=sp&ssid=jj0u4ypmv40000001773084086446&qH=312f91285e048e09&ov_redirect=true
ASUS Chromebook CX14 Intel Celeron Dual Core N4500 - (4 GB/64 GB EMMC Storage/Chrome OS) CX1405CKA-NK0...,"₹15,942",https://www.flipkart.com/asus-chromebook-cx14-intel-celeron-dual-core-n4500-4-gb-64-gb-emmc-storage-chrome-os-cx1405cka-nk0154-cx1405cka-s60342/p/itm076cdd51ac69a?pid=COMHDDZ7PYJZSGUZ&lid=LSTCOMHDDZ7PYJZSGUZKERLBX&marketplace=FLIPKART&q=laptop&store=6bo%2Fb5g&srno=s_1_6&otracker=search&otracker1=search&fm=organic&iid=en__jv_gqvxoNwRa7reHIQ9ZjGIhkodav0nkBavCBLCNrzVDjXaL7IPAj3lMTzSfmuoF0bMyfeRerh2X03mbysIxTRKtQQVWB8eNWYNLe7VuyQ%3D&ppt=None&ppn=None&ssid=u5hlqtj48w0000001773084071653&qH=312f91285e048e09&ov_redirect=true
Samsung Galaxy Book4 Metal Intel Core i5 13th Gen 1335U - (8 GB/512 GB SSD/Windows 11 Home) NP750XGJ-K...,"₹49,790",https://www.flipkart.com/samsung-galaxy-book4-metal-intel-core-i5-13th-gen-1335u-8-gb-512-gb-ssd-windows-11-home-np750xgj-kg1in-np750xgj-lg1in-np750xgj-lg6in-thin-light-laptop/p/itm1df5212efb9fc?pid=COMGZUYDFZXHWYWZ&lid=LSTCOMGZUYDFZXHWYWZJ6V2KW&marketplace=FLIPKART&q=laptop&store=6bo%2Fb5g&srno=s_3_51&otracker=search&otracker1=search&fm=Search&iid=en_z4HbTHZ387X2CcFWIpm5SPNKgBQ11ugdTetyYjIR2ly8JdItOfYjJVID-SvbolvDWfvoji5Qb3CdidnsAAcuOk4IsYyWu-Pj9cxFjFAoaLk%3D&ppt=sp&ppn=sp&ssid=jj0u4ypmv40000001773084086446&qH=312f91285e048e09&ov_redirect=true
ASUS Expertbook P1 Intel Core i3 13th Gen 1315U - (8 GB/512 GB SSD/Windows 11 Home) P1403CVA-S60343WS ...,"₹38,990",https://www.flipkart.com/asus-expertbook-p1-intel-core-i3-13th-gen-1315u-8-gb-512-gb-ssd-windows-11-home-p1403cva-s60343ws-thin-light-laptop/p/itm275e21a6deac0?pid=COMH8Z2QRWQQZTCJ&lid=LSTCOMH8Z2QRWQQZTCJ7QVQUG&marketplace=FLIPKART&q=laptop&store=6bo%2Fb5g&srno=s_3_52&otracker=search&otracker1=search&fm=Search&iid=en_z4HbTHZ387X2CcFWIpm5SPNKgBQ11ugdTetyYjIR2ly4fSU5CyIa3XDLyZwQC8LIGoOC0fLm5aXQa_ExNPzNRIQEIsITtCzc4bHaOMTqL08%3D&ppt=sp&ppn=sp&ssid=jj0u4ypmv40000001773084086446&qH=312f91285e048e09&ov_redirect=true
HP 15 (2025) AMD Ryzen 3 Quad Core 7320U - (16 GB/512 GB SSD/Windows 11 Home) 15 Thin and Light Laptop,"₹39,990",https://www.flipkart.com/hp-15-2025-amd-ryzen-3-quad-core-7320u-16-gb-512-gb-ssd-windows-11-home-thin-light-laptop/p/itmb73d8938f21b4?pid=COMHFAGTXRQNHEAG&lid=LSTCOMHFAGTXRQNHEAGJTKOVZ&marketplace=FLIPKART&q=laptop&store=6bo%2Fb5g&srno=s_3_53&otracker=search&otracker1=search&fm=Search&iid=c9376ddd-4897-4ba6-a90c-70a73bd237cc.COMHFAGTXRQNHEAG.SEARCH&ppt=sp&ppn=sp&ssid=jj0u4ypmv40000001773084086446&qH=312f91285e048e09&ov_redirect=true
DELL Inspiron 15 MSO'24 Intel Core i5 13th Gen 1334U - (16 GB/1 TB SSD/Windows 11 Home) 15 DC15250 Thi...,"₹68,940",https://www.flipkart.com/dell-inspiron-15-mso-24-intel-core-i5-13th-gen-1334u-16-gb-1-tb-ssd-windows-11-home-dc15250-thin-light-laptop/p/itm2f6e458597bec?pid=COMHCTVGYWUCYSHA&lid=LSTCOMHCTVGYWUCYSHA2GJ3CU&marketplace=FLIPKART&q=laptop&store=6bo%2Fb5g&srno=s_3_54&otracker=search&otracker1=search&fm=Search&iid=c9376ddd-4897-4ba6-a90c-70a73bd237cc.COMHCTVGYWUCYSHA.SEARCH&ppt=sp&ppn=sp&ssid=jj0u4ypmv40000001773084086446&qH=312f91285e048e09&ov_redirect=true
HP 255 R G10 AMD Ryzen 5 Hexa Core AMD Ryzen 5 7535U Hexa Core - (8 GB/512 GB SSD/Windows 11 Home) 255...,"₹44,505",https://www.flipkart.com/hp-255-r-g10-amd-ryzen-5-hexa-core-7535u-8-gb-512-gb-ssd-windows-11-home-business-laptop/p/itmfbb6f5232de2f?pid=COMHJGXFZE5GEWET&lid=LSTCOMHJGXFZE5GEWETHNTM11&marketplace=FLIPKART&q=laptop&store=6bo%2Fb5g&srno=s_3_55&otracker=search&otracker1=search&fm=Search&iid=c9376ddd-4897-4ba6-a90c-70a73bd237cc.COMHJGXFZE5GEWET.SEARCH&ppt=sp&ppn=sp&ssid=jj0u4ypmv40000001773084086446&qH=312f91285e048e09&ov_redirect=true
Lenovo Chromebook MediaTek Kompanio 520 - (4 GB/128 GB EMMC Storage/Chrome OS) 14M868 Chromebook,"₹17,990",https://www.flipkart.com/lenovo-chromebook-mediatek-kompanio-520-4-gb-128-gb-emmc-storage-chrome-os-14m868/p/itm4dc67999fe3de?pid=COMGSYYSHRSUEGMG&lid=LSTCOMGSYYSHRSUEGMGMC9HLZ&marketplace=FLIPKART&q=laptop&store=6bo%2Fb5g&srno=s_3_56&otracker=search&otracker1=search&fm=Search&iid=c9376ddd-4897-4ba6-a90c-70a73bd237cc.COMGSYYSHRSUEGMG.SEARCH&ppt=sp&ppn=sp&ssid=jj0u4ypmv40000001773084086446&qH=312f91285e048e09&ov_redirect=true
ASUS Chromebook CX14 Intel Celeron Dual Core N4500 - (4 GB/64 GB EMMC Storage/Chrome OS) CX1405CKA-NK0...,"₹15,942",https://www.flipkart.com/asus-chromebook-cx14-intel-celeron-dual-core-n4500-4-gb-64-gb-emmc-storage-chrome-os-cx1405cka-nk0154-cx1405cka-s60342/p/itm076cdd51ac69a?pid=COMHDDZ7PYJZSGUZ&lid=LSTCOMHDDZ7PYJZSGUZKERLBX&marketplace=FLIPKART&q=laptop&store=6bo%2Fb5g&srno=s_3_57&otracker=search&otracker1=search&fm=Search&iid=en_z4HbTHZ387X2CcFWIpm5SPNKgBQ11ugdTetyYjIR2lyQesJ1oJmYrXmocw6glkaEb7qht5bmh0X-rWvJ2bNIpkKsf8s6I2Oz2HOgbXTo_9U%3D&ppt=sp&ppn=sp&ssid=jj0u4ypmv40000001773084086446&qH=312f91285e048e09&ov_redirect=true
Lenovo LOQ Essential Intel Core i7 12650HX - (16 GB/512 GB SSD/Windows 11 Home/6 GB Graphics/NVIDIA Ge...,"₹80,990",https://www.flipkart.com/lenovo-loq-essential-intel-core-i7-12650hx-16-gb-512-gb-ssd-windows-11-home-6-graphics-nvidia-geforce-rtx-4050-15iax9e-gaming-laptop/p/itmd07e54ebaf097?pid=COMHGEQVUDH5RKJH&lid=LSTCOMHGEQVUDH5RKJH61KR61&marketplace=FLIPKART&q=laptop&store=6bo%2Fb5g&srno=s_3_58&otracker=search&otracker1=search&fm=Search&iid=en_z4HbTHZ387X2CcFWIpm5SPNKgBQ11ugdTetyYjIR2lyYWBU0qgkOiqx2-rSWWuKlRxp07jtufOQ2C4oiRaehYZe-z4QeXgTJhz6ZDqqUM18%3D&ppt=sp&ppn=sp&ssid=jj0u4ypmv40000001773084086446&qH=312f91285e048e09&ov_redirect=true
"ASUS Vivobook 15 (2025) (i5 14th Gen) with MSO 2024 + M365 Basic*, Backlit Keyboard, Intel Core 5 120U...","₹56,258",https://www.flipkart.com/asus-vivobook-15-2025-i5-14th-gen-mso-2024-m365-basic-backlit-keyboard-intel-core-5-120u-16-gb-512-gb-ssd-windows-11-home-x1504vap-nj2864ws-x1504vap-bq542ws-x1504vap-bq1542ws-thin-light-laptop/p/itmdcd6c59b37b94?pid=COMHDG7C2U4CAHFC&lid=LSTCOMHDG7C2U4CAHFC5VSNOJ&marketplace=FLIPKART&q=laptop&store=6bo%2Fb5g&srno=s_3_59&otracker=search&otracker1=search&fm=Search&iid=c9376ddd-4897-4ba6-a90c-70a73bd237cc.COMHDG7C2U4CAHFC.SEARCH&ppt=sp&ppn=sp&ssid=jj0u4ypmv40000001773084086446&qH=312f91285e048e09&ov_redirect=true
HP Intel Celeron Dual Core N4500 - (8 GB/512 GB SSD/Windows 11 Home) 14s-dq3149TU / 14s-dq3141TU Thin ...,"₹34,990",https://www.flipkart.com/hp-intel-celeron-dual-core-n4500-8-gb-512-gb-ssd-windows-11-home-14s-dq3149tu-14s-dq3141tu-thin-light-laptop/p/itmc22c90e8c0882?pid=COMHDNV8HQQJSHFH&lid=LSTCOMHDNV8HQQJSHFHWUZI4P&marketplace=FLIPKART&q=laptop&store=6bo%2Fb5g&srno=s_3_60&otracker=search&otracker1=search&fm=Search&iid=c9376ddd-4897-4ba6-a90c-70a73bd237cc.COMHDNV8HQQJSHFH.SEARCH&ppt=sp&ppn=sp&ssid=jj0u4ypmv40000001773084086446&qH=312f91285e048e09&ov_redirect=true
Acer Aspire 3 Intel Core i3 13th Gen 1305U - (16 GB/512 GB SSD/Windows 11 Home) A324-53 Thin and Light...,"₹36,990",https://www.flipkart.com/acer-aspire-3-intel-core-i3-13th-gen-1305u-16-gb-512-gb-ssd-windows-11-home-a324-53-thin-light-laptop/p/itma6a6812aa712e?pid=COMH4B6CRXD62EPK&lid=LSTCOMH4B6CRXD62EPK3NX1OA&marketplace=FLIPKART&q=laptop&store=6bo%2Fb5g&srno=s_1_7&otracker=search&otracker1=search&fm=organic&iid=fc3f6a77-b6e5-4731-a411-0f82a26290d3.COMH4B6CRXD62EPK.SEARCH&ppt=None&ppn=None&ssid=u5hlqtj48w0000001773084071653&qH=312f91285e048e09&ov_redirect=true
Samsung Galaxy Book4 Metal Intel Core i3 13th Gen 1315U - (8 GB/512 GB SSD/Windows 11 Home) NP750XGJ-L...,"₹43,990",https://www.flipkart.com/samsung-galaxy-book4-metal-intel-core-i3-13th-gen-1315u-8-gb-512-gb-ssd-windows-11-home-np750xgj-lg9in-thin-light-laptop/p/itmc29d559898e6f?pid=COMH4Y6KKRC9YSWE&lid=LSTCOMH4Y6KKRC9YSWERDUMZD&marketplace=FLIPKART&q=laptop&store=6bo%2Fb5g&srno=s_3_61&otracker=search&otracker1=search&fm=Search&iid=en_z4HbTHZ387X2CcFWIpm5SPNKgBQ11ugdTetyYjIR2lw0NnsfcJzuz0giIC4k67EaytmgAA-hN66mrwb0lnxcqUhz9c-MSIoFe8xMxkfU6dM%3D&ppt=sp&ppn=sp&ssid=jj0u4ypmv40000001773084086446&qH=312f91285e048e09&ov_redirect=true
Lenovo LOQ Intel Core i5 13th Gen 13450HX - (16 GB/512 GB SSD/Windows 11 Home/6 GB Graphics/NVIDIA GeF...,"₹90,990",https://www.flipkart.com/lenovo-loq-intel-core-i5-13th-gen-13450hx-16-gb-512-gb-ssd-windows-11-home-6-graphics-nvidia-geforce-rtx-4050-15irx9-gaming-laptop/p/itm975f0ea246a0e?pid=COMHYXV9DUMPQSZA&lid=LSTCOMHYXV9DUMPQSZA1UUBRE&marketplace=FLIPKART&q=laptop&store=6bo%2Fb5g&srno=s_3_62&otracker=search&otracker1=search&fm=Search&iid=en_z4HbTHZ387X2CcFWIpm5SPNKgBQ11ugdTetyYjIR2lxOVNAnyhXHvPxKpgMNvNdNiJKdNHT3BsGjtsqd-E5OS9T29QNQVU4kmpt6AERHFAg%3D&ppt=sp&ppn=sp&ssid=jj0u4ypmv40000001773084086446&qH=312f91285e048e09&ov_redirect=true
Samsung Galaxy Book5 AI Metal Intel Core Ultra 5 225U - (16 GB/512 GB SSD/Windows 11 Home) NP750XHD Th...,"₹79,530",https://www.flipkart.com/samsung-galaxy-book5-ai-metal-intel-core-ultra-5-225u-16-gb-512-gb-ssd-windows-11-home-np750xhd-thin-light-laptop/p/itmc33d2563d0ffc?pid=COMHE4ATPCZ9FXRP&lid=LSTCOMHE4ATPCZ9FXRP7N1GVG&marketplace=FLIPKART&q=laptop&store=6bo%2Fb5g&srno=s_3_63&otracker=search&otracker1=search&fm=Search&iid=c9376ddd-4897-4ba6-a90c-70a73bd237cc.COMHE4ATPCZ9FXRP.SEARCH&ppt=sp&ppn=sp&ssid=jj0u4ypmv40000001773084086446&qH=312f91285e048e09&ov_redirect=true
Acer Aspire 3 Intel Core i5 13th Gen 1334U - (16 GB/1 TB SSD/Windows 11 Home) A324-53 Thin and Light L...,"₹54,990",https://www.flipkart.com/acer-aspire-3-intel-core-i5-13th-gen-1334u-16-gb-1-tb-ssd-windows-11-home-a324-53-thin-light-laptop/p/itma6a6812aa712e?pid=COMH4B6CEFXJ5UXU&lid=LSTCOMH4B6CEFXJ5UXURWNIQP&marketplace=FLIPKART&q=laptop&store=6bo%2Fb5g&srno=s_3_64&otracker=search&otracker1=search&fm=Search&iid=c9376ddd-4897-4ba6-a90c-70a73bd237cc.COMH4B6CEFXJ5UXU.SEARCH&ppt=sp&ppn=sp&ssid=jj0u4ypmv40000001773084086446&qH=312f91285e048e09&ov_redirect=true
HP Intel Core i7 13th Gen 13620H - (16 GB/512 GB SSD/Windows 11 Home) 15-fr0046TU Thin and Light Lapto...,"₹69,990",https://www.flipkart.com/hp-intel-core-i7-13th-gen-13620h-16-gb-512-gb-ssd-windows-11-home-15-fr0046tu-thin-light-laptop/p/itmc255f42578e1e?pid=COMHDFUWWFF77NQC&lid=LSTCOMHDFUWWFF77NQCREKA4R&marketplace=FLIPKART&q=laptop&store=6bo%2Fb5g&srno=s_3_65&otracker=search&otracker1=search&fm=Search&iid=c9376ddd-4897-4ba6-a90c-70a73bd237cc.COMHDFUWWFF77NQC.SEARCH&ppt=sp&ppn=sp&ssid=jj0u4ypmv40000001773084086446&qH=312f91285e048e09&ov_redirect=true
Lenovo Yoga 7 WUXGA-OLED Intel Core i7 13th Gen 1360P - (16 GB/1 TB SSD/Windows 11 Home) 14IRL8 2 in 1...,"₹89,990",https://www.flipkart.com/lenovo-yoga-7-wuxga-oled-intel-core-i7-13th-gen-1360p-16-gb-1-tb-ssd-windows-11-home-14irl8-2-1-laptop/p/itm3cf756c3e7c1e?pid=COMGSVFEHHH2FHVY&lid=LSTCOMGSVFEHHH2FHVYGY7SNC&marketplace=FLIPKART&q=laptop&store=6bo%2Fb5g&srno=s_3_66&otracker=search&otracker1=search&fm=Search&iid=c9376ddd-4897-4ba6-a90c-70a73bd237cc.COMGSVFEHHH2FHVY.SEARCH&ppt=sp&ppn=sp&ssid=jj0u4ypmv40000001773084086446&qH=312f91285e048e09&ov_redirect=true
MOTOROLA Motobook 60 Full Metal OLED (i5 14th Gen) Intel Core 5 (Series 2) 210H - (16 GB/512 GB SSD/Wi...,"₹49,990",https://www.flipkart.com/motorola-motobook-60-full-metal-oled-i5-14th-gen-intel-core-5-series-2-210h-16-gb-512-gb-ssd-windows-11-home-14irh10r-thin-light-laptop/p/itme7b254581c42e?pid=COMHAUZW4MMNNCGT&lid=LSTCOMHAUZW4MMNNCGTEVATRK&marketplace=FLIPKART&q=laptop&store=6bo%2Fb5g&srno=s_3_67&otracker=search&otracker1=search&fm=Search&iid=en_z4HbTHZ387X2CcFWIpm5SPNKgBQ11ugdTetyYjIR2lxzitaBsMQbysNcmfkIooLq7l7rrrqzQ9vop1cxSs4eNGVkv0XZFiOX7bbXdlao_f8%3D&ppt=sp&ppn=sp&ssid=jj0u4ypmv40000001773084086446&qH=312f91285e048e09&ov_redirect=true
ASUS ExpertBook P1 (i5 14th Gen) Intel Core 5 210H - (16 GB/512 GB SSD/Windows 11 Home) P1503CVA-S7222...,"₹55,990",https://www.flipkart.com/asus-expertbook-p1-i5-14th-gen-intel-core-5-210h-16-gb-512-gb-ssd-windows-11-home-p1503cva-s72222ws-laptop/p/itm729cd00980e6a?pid=COMHGYAFCZG8YRYS&lid=LSTCOMHGYAFCZG8YRYSWDI8LO&marketplace=FLIPKART&q=laptop&store=6bo%2Fb5g&srno=s_3_68&otracker=search&otracker1=search&fm=Search&iid=en_z4HbTHZ387X2CcFWIpm5SPNKgBQ11ugdTetyYjIR2lzot3-uCtIw0CFttsVrbFl70FcBH4rr6G13cFR4XiQkX_cUmN_6PwCReg_VTM4VLxo%3D&ppt=sp&ppn=sp&ssid=jj0u4ypmv40000001773084086446&qH=312f91285e048e09&ov_redirect=true
"Acer Swift Neo OLED with Backlit Keyboard, Intel Core Ultra 7 155U - (16 GB/512 GB SSD/Windows 11 Home...","₹58,990",https://www.flipkart.com/acer-swift-neo-oled-backlit-keyboard-intel-core-ultra-7-155u-16-gb-512-gb-ssd-windows-11-home-sfn14-54h-thin-light-laptop/p/itm84801184d63e1?pid=COMHDZRBCFZZGBWR&lid=LSTCOMHDZRBCFZZGBWRRHFLX5&marketplace=FLIPKART&q=laptop&store=6bo%2Fb5g&srno=s_3_69&otracker=search&otracker1=search&fm=Search&iid=c9376ddd-4897-4ba6-a90c-70a73bd237cc.COMHDZRBCFZZGBWR.SEARCH&ppt=sp&ppn=sp&ssid=jj0u4ypmv40000001773084086446&qH=312f91285e048e09&ov_redirect=true
Acer Swift Neo OLED AI PC Intel Core Ultra 5 115U - (16 GB/1 TB SSD/Windows 11 Home) UN.35GSI.007 Thin...,"₹55,990",https://www.flipkart.com/acer-swift-neo-oled-ai-pc-intel-core-ultra-5-115u-16-gb-1-tb-ssd-windows-11-home-un-35gsi-007-thin-light-laptop/p/itm9e55de1a60bc0?pid=COMHDF2C8MV4EURQ&lid=LSTCOMHDF2C8MV4EURQIF3X07&marketplace=FLIPKART&q=laptop&store=6bo%2Fb5g&srno=s_3_70&otracker=search&otracker1=search&fm=Search&iid=c9376ddd-4897-4ba6-a90c-70a73bd237cc.COMHDF2C8MV4EURQ.SEARCH&ppt=sp&ppn=sp&ssid=jj0u4ypmv40000001773084086446&qH=312f91285e048e09&ov_redirect=true
Acer Aspire 3 Backlit AMD Ryzen 7 Octa Core 7730U - (16 GB/512 GB SSD/Windows 11 Home) Aspire AS15 - 4...,"₹42,990",https://www.flipkart.com/acer-aspire-3-backlit-amd-ryzen-7-octa-core-7730u-16-gb-512-gb-ssd-windows-11-home-as15-42-thin-light-laptop/p/itmdaf15e01a1d1a?pid=COMH397XPF4Z3BMX&lid=LSTCOMH397XPF4Z3BMXL8O53G&marketplace=FLIPKART&q=laptop&store=6bo%2Fb5g&srno=s_1_8&otracker=search&otracker1=search&fm=organic&iid=fc3f6a77-b6e5-4731-a411-0f82a26290d3.COMH397XPF4Z3BMX.SEARCH&ppt=None&ppn=None&ssid=u5hlqtj48w0000001773084071653&qH=312f91285e048e09&ov_redirect=true
ASUS Expertbook P1 Intel Core i3 13th Gen 1315U - (16 GB/512 GB SSD/Windows 11 Home) P1503CVA-S71074WS...,"₹43,990",https://www.flipkart.com/asus-expertbook-p1-intel-core-i3-13th-gen-1315u-16-gb-512-gb-ssd-windows-11-home-p1503cva-s71074ws-thin-light-laptop/p/itmf84b442d31b6b?pid=COMH8Z2QENXVKHGX&lid=LSTCOMH8Z2QENXVKHGXT2JJBZ&marketplace=FLIPKART&q=laptop&store=6bo%2Fb5g&srno=s_3_71&otracker=search&otracker1=search&fm=Search&iid=en_z4HbTHZ387X2CcFWIpm5SPNKgBQ11ugdTetyYjIR2lzrzCEqVZl3sVU1DyUOEUI9iEkt9NjOMvtPoytLJ8QjUeI7uWi7bi3WLqk6JF-UYDE%3D&ppt=sp&ppn=sp&ssid=jj0u4ypmv40000001773084086446&qH=312f91285e048e09&ov_redirect=true
Samsung Galaxy Book4 Edge Series Copilot AI-PC Full Metal Chasis Snapdragon X - (16 GB/512 GB SSD/Wind...,"₹70,800",https://www.flipkart.com/samsung-galaxy-book4-edge-series-copilot-ai-pc-full-metal-chasis-snapdragon-x-16-gb-512-gb-ssd-windows-11-home-np750xqb-ka1in-thin-light-laptop/p/itm1d61ec8d90cc7?pid=COMHE4ATFWNVHXHS&lid=LSTCOMHE4ATFWNVHXHSIHS0FO&marketplace=FLIPKART&q=laptop&store=6bo%2Fb5g&srno=s_3_72&otracker=search&otracker1=search&fm=Search&iid=en_z4HbTHZ387X2CcFWIpm5SPNKgBQ11ugdTetyYjIR2lwIwMCBp4MrbJxXwKH_PyOhOYPBgHkIWK98lFmD7errFX2jGuDLx_cmoBdxLHagfOw%3D&ppt=sp&ppn=sp&ssid=jj0u4ypmv40000001773084086446&qH=312f91285e048e09&ov_redirect=true
Lenovo V 14 (2025) Intel Core i3 13th Gen 1315U - (16 GB/512 GB SSD/Windows 11 Home) V 14 Thin and Lig...,"₹43,990",https://www.flipkart.com/lenovo-v-14-2025-intel-core-i3-13th-gen-1315u-16-gb-512-gb-ssd-windows-11-home-thin-light-laptop/p/itm2ad1347e69711?pid=COMHF4NGPTGFPY2G&lid=LSTCOMHF4NGPTGFPY2GRJUM6F&marketplace=FLIPKART&q=laptop&store=6bo%2Fb5g&srno=s_4_73&otracker=search&otracker1=search&fm=Search&iid=e7d54d52-77d7-4dc0-8713-7e2dbedac950.COMHF4NGPTGFPY2G.SEARCH&ppt=sp&ppn=sp&ssid=k1ir18u0z40000001773084093141&qH=312f91285e048e09&ov_redirect=true
Lenovo 100e Chromebook Gen 4 MediaTek Kompanio 520 - (4 GB/32 GB EMMC Storage/Chrome OS) 82W00004HA Ch...,"₹13,990",https://www.flipkart.com/lenovo-100e-chromebook-gen-4-mediatek-kompanio-520-4-gb-32-gb-emmc-storage-chrome-os-82w00004ha/p/itm1ae5f82096ad9?pid=COMHA9FK8YXVUUWA&lid=LSTCOMHA9FK8YXVUUWAAREQMZ&marketplace=FLIPKART&q=laptop&store=6bo%2Fb5g&spotlightTagId=default_BestsellerId_6bo%2Fb5g&srno=s_4_74&otracker=search&otracker1=search&fm=Search&iid=e7d54d52-77d7-4dc0-8713-7e2dbedac950.COMHA9FK8YXVUUWA.SEARCH&ppt=sp&ppn=sp&ssid=k1ir18u0z40000001773084093141&qH=312f91285e048e09&ov_redirect=true
Samsung Galaxy Book3 360 EVO AMOLED Intel Core i5 13th Gen 1135G7 - (16 GB/512 GB SSD/Windows 11 Home)...,"₹66,840",https://www.flipkart.com/samsung-galaxy-book3-360-evo-amoled-intel-core-i5-13th-gen-1135g7-16-gb-512-gb-ssd-windows-11-home-np730qfg-ka2in-thin-light-laptop/p/itm4442ba7ef854f?pid=COMGPXFFRHZQHSAY&lid=LSTCOMGPXFFRHZQHSAYP4JCRO&marketplace=FLIPKART&q=laptop&store=6bo%2Fb5g&srno=s_4_75&otracker=search&otracker1=search&fm=Search&iid=e7d54d52-77d7-4dc0-8713-7e2dbedac950.COMGPXFFRHZQHSAY.SEARCH&ppt=sp&ppn=sp&ssid=k1ir18u0z40000001773084093141&qH=312f91285e048e09&ov_redirect=true
Lenovo IdeaPad Slim 5 WUXGA IPS AMD Ryzen 5 Hexa Core 7535HS - (16 GB/512 GB SSD/Windows 11 Home) 13AR...,"₹59,990",https://www.flipkart.com/lenovo-ideapad-slim-5-wuxga-ips-amd-ryzen-hexa-core-7535hs-16-gb-512-gb-ssd-windows-11-home-13arp10-thin-light-laptop/p/itm8c97af7b5af2d?pid=COMHDFWWGDMFDNJY&lid=LSTCOMHDFWWGDMFDNJYELAEPL&marketplace=FLIPKART&q=laptop&store=6bo%2Fb5g&srno=s_4_76&otracker=search&otracker1=search&fm=Search&iid=e7d54d52-77d7-4dc0-8713-7e2dbedac950.COMHDFWWGDMFDNJY.SEARCH&ppt=sp&ppn=sp&ssid=k1ir18u0z40000001773084093141&qH=312f91285e048e09&ov_redirect=true
Samsung Galaxy Book4 Metal Intel Core i5 13th Gen 1335U - (8 GB/512 GB SSD/Windows 11 Home) NP750XGJ-K...,"₹49,790",https://www.flipkart.com/samsung-galaxy-book4-metal-intel-core-i5-13th-gen-1335u-8-gb-512-gb-ssd-windows-11-home-np750xgj-kg1in-np750xgj-lg1in-np750xgj-lg6in-thin-light-laptop/p/itm1df5212efb9fc?pid=COMGZUYDFZXHWYWZ&lid=LSTCOMGZUYDFZXHWYWZJ6V2KW&marketplace=FLIPKART&q=laptop&store=6bo%2Fb5g&srno=s_4_77&otracker=search&otracker1=search&fm=Search&iid=en_eN3-bq1zgPxnJNiQxjj0EYiapNr1OE15VovqdQxT-lJ6VWs6Iw-uOfsLfLX-TQdMWfvoji5Qb3CdidnsAAcuOk4IsYyWu-Pj9cxFjFAoaLk%3D&ppt=sp&ppn=sp&ssid=k1ir18u0z40000001773084093141&qH=312f91285e048e09&ov_redirect=true
ASUS Expertbook P1 Intel Core i3 13th Gen 1315U - (8 GB/512 GB SSD/Windows 11 Home) P1403CVA-S60343WS ...,"₹38,990",https://www.flipkart.com/asus-expertbook-p1-intel-core-i3-13th-gen-1315u-8-gb-512-gb-ssd-windows-11-home-p1403cva-s60343ws-thin-light-laptop/p/itm275e21a6deac0?pid=COMH8Z2QRWQQZTCJ&lid=LSTCOMH8Z2QRWQQZTCJ7QVQUG&marketplace=FLIPKART&q=laptop&store=6bo%2Fb5g&srno=s_4_78&otracker=search&otracker1=search&fm=Search&iid=en_eN3-bq1zgPxnJNiQxjj0EYiapNr1OE15VovqdQxT-lJkb2EA450ICsgD7wpfAkPNGoOC0fLm5aXQa_ExNPzNRIQEIsITtCzc4bHaOMTqL08%3D&ppt=sp&ppn=sp&ssid=k1ir18u0z40000001773084093141&qH=312f91285e048e09&ov_redirect=true
Lenovo Legion Go AMD Ryzen Z1 Extreme - (16 GB/512 GB SSD/Windows 11 Home) 8APU1 Handheld Gaming PC,"₹69,990",https://www.flipkart.com/lenovo-legion-go-amd-ryzen-z1-extreme-16-gb-512-gb-ssd-windows-11-home-8apu1-handheld-gaming-pc/p/itm91b8146551547?pid=COMHFR4THQXC2DGG&lid=LSTCOMHFR4THQXC2DGGUJGHYW&marketplace=FLIPKART&q=laptop&store=6bo%2Fb5g&srno=s_4_79&otracker=search&otracker1=search&fm=Search&iid=e7d54d52-77d7-4dc0-8713-7e2dbedac950.COMHFR4THQXC2DGG.SEARCH&ppt=sp&ppn=sp&ssid=k1ir18u0z40000001773084093141&qH=312f91285e048e09&ov_redirect=true
"ASUS Vivobook S15, A-Part Metal Body, Backlit Keyboard, Intel Core i9 13th Gen 13900H - (16 GB/512 GB ...","₹72,990",https://www.flipkart.com/asus-vivobook-s15-a-part-metal-body-backlit-keyboard-intel-core-i9-13th-gen-13900h-16-gb-512-gb-ssd-windows-11-home-k5504vab-bn417ws-thin-light-laptop/p/itm0eb223e3c7544?pid=COMH3J9YUEFZSCF5&lid=LSTCOMH3J9YUEFZSCF5I3MRSV&marketplace=FLIPKART&q=laptop&store=6bo%2Fb5g&srno=s_4_80&otracker=search&otracker1=search&fm=Search&iid=e7d54d52-77d7-4dc0-8713-7e2dbedac950.COMH3J9YUEFZSCF5.SEARCH&ppt=sp&ppn=sp&ssid=k1ir18u0z40000001773084093141&qH=312f91285e048e09&ov_redirect=true
HP Intel Core i3 13th Gen 1315U - (8 GB/512 GB SSD/Windows 11 Home) 15-fd0569TU Thin and Light Laptop,"₹40,990",https://www.flipkart.com/hp-intel-core-i3-13th-gen-1315u-8-gb-512-gb-ssd-windows-11-home-15-fd0569tu-thin-light-laptop/p/itm8229e9aa059be?pid=COMHBFRJJPDPHZ2H&lid=LSTCOMHBFRJJPDPHZ2HR7HE3X&marketplace=FLIPKART&q=laptop&store=6bo%2Fb5g&srno=s_1_9&otracker=search&otracker1=search&fm=organic&iid=fc3f6a77-b6e5-4731-a411-0f82a26290d3.COMHBFRJJPDPHZ2H.SEARCH&ppt=None&ppn=None&ssid=u5hlqtj48w0000001773084071653&qH=312f91285e048e09&ov_redirect=true
ASUS Chromebook CX14 Intel Celeron Dual Core N4500 - (4 GB/64 GB EMMC Storage/Chrome OS) CX1405CKA-NK0...,"₹15,942",https://www.flipkart.com/asus-chromebook-cx14-intel-celeron-dual-core-n4500-4-gb-64-gb-emmc-storage-chrome-os-cx1405cka-nk0154-cx1405cka-s60342/p/itm076cdd51ac69a?pid=COMHDDZ7PYJZSGUZ&lid=LSTCOMHDDZ7PYJZSGUZKERLBX&marketplace=FLIPKART&q=laptop&store=6bo%2Fb5g&srno=s_4_81&otracker=search&otracker1=search&fm=Search&iid=en_eN3-bq1zgPxnJNiQxjj0EYiapNr1OE15VovqdQxT-lLsluLam0X7KjQvkI5YUtybb7qht5bmh0X-rWvJ2bNIpkKsf8s6I2Oz2HOgbXTo_9U%3D&ppt=sp&ppn=sp&ssid=k1ir18u0z40000001773084093141&qH=312f91285e048e09&ov_redirect=true
Lenovo LOQ Essential Intel Core i7 12650HX - (16 GB/512 GB SSD/Windows 11 Home/6 GB Graphics/NVIDIA Ge...,"₹80,990",https://www.flipkart.com/lenovo-loq-essential-intel-core-i7-12650hx-16-gb-512-gb-ssd-windows-11-home-6-graphics-nvidia-geforce-rtx-4050-15iax9e-gaming-laptop/p/itmd07e54ebaf097?pid=COMHGEQVUDH5RKJH&lid=LSTCOMHGEQVUDH5RKJH61KR61&marketplace=FLIPKART&q=laptop&store=6bo%2Fb5g&srno=s_4_82&otracker=search&otracker1=search&fm=Search&iid=en_eN3-bq1zgPxnJNiQxjj0EYiapNr1OE15VovqdQxT-lI2knfEzHqJdl1biyFLCcpVRxp07jtufOQ2C4oiRaehYZe-z4QeXgTJhz6ZDqqUM18%3D&ppt=sp&ppn=sp&ssid=k1ir18u0z40000001773084093141&qH=312f91285e048e09&ov_redirect=true
HP Victus Intel Core i5 13th Gen 13420H - (16 GB/512 GB SSD/Windows 11 Home/4 GB Graphics/NVIDIA GeFor...,"₹72,990",https://www.flipkart.com/hp-victus-intel-core-i5-13th-gen-13420h-16-gb-512-gb-ssd-windows-11-home-4-graphics-nvidia-geforce-rtx-3050-a-15-fa2191tx-gaming-laptop/p/itm1a1eca07d4e23?pid=COMHEHHXEGMAFYCK&lid=LSTCOMHEHHXEGMAFYCKBEVMBC&marketplace=FLIPKART&q=laptop&store=6bo%2Fb5g&srno=s_4_83&otracker=search&otracker1=search&fm=Search&iid=e7d54d52-77d7-4dc0-8713-7e2dbedac950.COMHEHHXEGMAFYCK.SEARCH&ppt=sp&ppn=sp&ssid=k1ir18u0z40000001773084093141&qH=312f91285e048e09&ov_redirect=true
Acer Aspire Intel Celeron Dual Core N4500 - (12 GB/256 GB SSD/Windows 11 Home) A324-45-V2 Thin and Lig...,"₹22,990",https://www.flipkart.com/acer-aspire-intel-celeron-dual-core-n4500-12-gb-256-gb-ssd-windows-11-home-a324-45-v2-thin-light-laptop/p/itmbbfe217e40d59?pid=COMHFZYZHA5YJHS3&lid=LSTCOMHFZYZHA5YJHS30OEKLM&marketplace=FLIPKART&q=laptop&store=6bo%2Fb5g&srno=s_4_84&otracker=search&otracker1=search&fm=Search&iid=e7d54d52-77d7-4dc0-8713-7e2dbedac950.COMHFZYZHA5YJHS3.SEARCH&ppt=sp&ppn=sp&ssid=k1ir18u0z40000001773084093141&qH=312f91285e048e09&ov_redirect=true
Lenovo Chromebook Intel Pentium Quad Core N100 - (4 GB/128 GB EMMC Storage/Chrome OS) 14IAN8 Chromeboo...,"₹16,990",https://www.flipkart.com/lenovo-chromebook-intel-pentium-quad-core-n100-4-gb-128-gb-emmc-storage-chrome-os-14ian8/p/itm7c0c58320220d?pid=COMGT2Y3DHC6QN4R&lid=LSTCOMGT2Y3DHC6QN4RLXRUHG&marketplace=FLIPKART&q=laptop&store=6bo%2Fb5g&srno=s_4_85&otracker=search&otracker1=search&fm=Search&iid=e7d54d52-77d7-4dc0-8713-7e2dbedac950.COMGT2Y3DHC6QN4R.SEARCH&ppt=sp&ppn=sp&ssid=k1ir18u0z40000001773084093141&qH=312f91285e048e09&ov_redirect=true
Acer Swift Neo OLED AI PC Intel Core Ultra 5 115U - (16 GB/512 GB SSD/Windows 11 Home) SFN14-54H Thin ...,"₹52,741",https://www.flipkart.com/acer-swift-neo-oled-ai-pc-intel-core-ultra-5-115u-16-gb-512-gb-ssd-windows-11-home-sfn14-54h-thin-light-laptop/p/itm7e110040e3132?pid=COMHDF2CEWYVC82H&lid=LSTCOMHDF2CEWYVC82HHY6OWR&marketplace=FLIPKART&q=laptop&store=6bo%2Fb5g&srno=s_4_86&otracker=search&otracker1=search&fm=Search&iid=e7d54d52-77d7-4dc0-8713-7e2dbedac950.COMHDF2CEWYVC82H.SEARCH&ppt=sp&ppn=sp&ssid=k1ir18u0z40000001773084093141&qH=312f91285e048e09&ov_redirect=true
Lenovo LOQ Intel Core i5 13th Gen 13450HX - (16 GB/512 GB SSD/Windows 11 Home/6 GB Graphics/NVIDIA GeF...,"₹90,990",https://www.flipkart.com/lenovo-loq-intel-core-i5-13th-gen-13450hx-16-gb-512-gb-ssd-windows-11-home-6-graphics-nvidia-geforce-rtx-4050-15irx9-gaming-laptop/p/itm975f0ea246a0e?pid=COMHYXV9DUMPQSZA&lid=LSTCOMHYXV9DUMPQSZA1UUBRE&marketplace=FLIPKART&q=laptop&store=6bo%2Fb5g&srno=s_4_87&otracker=search&otracker1=search&fm=Search&iid=en_eN3-bq1zgPxnJNiQxjj0EYiapNr1OE15VovqdQxT-lL96PamwOe8AzktR6EWJdJkiJKdNHT3BsGjtsqd-E5OS-i1ybCaas-TLzwLAWxhb4E%3D&ppt=sp&ppn=sp&ssid=k1ir18u0z40000001773084093141&qH=312f91285e048e09&ov_redirect=true
MOTOROLA Motobook 60 Full Metal OLED (i5 14th Gen) Intel Core 5 (Series 2) 210H - (16 GB/512 GB SSD/Wi...,"₹49,990",https://www.flipkart.com/motorola-motobook-60-full-metal-oled-i5-14th-gen-intel-core-5-series-2-210h-16-gb-512-gb-ssd-windows-11-home-14irh10r-thin-light-laptop/p/itme7b254581c42e?pid=COMHAUZW4MMNNCGT&lid=LSTCOMHAUZW4MMNNCGTEVATRK&marketplace=FLIPKART&q=laptop&store=6bo%2Fb5g&srno=s_4_88&otracker=search&otracker1=search&fm=Search&iid=en_eN3-bq1zgPxnJNiQxjj0EYiapNr1OE15VovqdQxT-lJIC_pbi_QXUBqKqGiTLunn7l7rrrqzQ9vop1cxSs4eNInfEY2D5bWfIUmTlXs_oiU%3D&ppt=sp&ppn=sp&ssid=k1ir18u0z40000001773084093141&qH=312f91285e048e09&ov_redirect=true
"ASUS Vivobook S14 (2025) with Office 2024 + M365 Basic*, Backlit Keyboard, Intel Core i5 13th Gen 1342...","₹60,990",https://www.flipkart.com/asus-vivobook-s14-2025-office-2024-m365-basic-backlit-keyboard-intel-core-i5-13th-gen-13420h-16-gb-512-gb-ssd-windows-11-home-s3407va-ly037ws-thin-light-laptop/p/itm820c07740b4c9?pid=COMH9SJ9VCEQJCSX&lid=LSTCOMH9SJ9VCEQJCSXBL2HSQ&marketplace=FLIPKART&q=laptop&store=6bo%2Fb5g&srno=s_4_89&otracker=search&otracker1=search&fm=Search&iid=e7d54d52-77d7-4dc0-8713-7e2dbedac950.COMH9SJ9VCEQJCSX.SEARCH&ppt=sp&ppn=sp&ssid=k1ir18u0z40000001773084093141&qH=312f91285e048e09&ov_redirect=true
DELL Inspiron 5440 (2026) Intel Core 3 14th Gen 100U - (8 GB/512 GB SSD/Windows 11 Home) Inspiron 5440...,"₹38,750",https://www.flipkart.com/dell-inspiron-5440-2026-intel-core-3-14th-gen-100u-8-gb-512-gb-ssd-windows-11-home-thin-light-laptop/p/itm0587042bee5d3?pid=COMHJSFMJDAUGGRG&lid=LSTCOMHJSFMJDAUGGRG8MQPDT&marketplace=FLIPKART&q=laptop&store=6bo%2Fb5g&srno=s_4_90&otracker=search&otracker1=search&fm=Search&iid=e7d54d52-77d7-4dc0-8713-7e2dbedac950.COMHJSFMJDAUGGRG.SEARCH&ppt=sp&ppn=sp&ssid=k1ir18u0z40000001773084093141&qH=312f91285e048e09&ov_redirect=true
"ASUS Vivobook 15, with Backlit Keyboard, Intel Core i3 13th Gen 1315U - (8 GB/512 GB SSD/Windows 11 Ho...","₹38,990",https://www.flipkart.com/asus-vivobook-15-backlit-keyboard-intel-core-i3-13th-gen-1315u-8-gb-512-gb-ssd-windows-11-home-x1504va-nj320ws-x1504va-bq321ws-thin-light-laptop/p/itm200184e4e0443?pid=COMGYSFGRDEFFPY6&lid=LSTCOMGYSFGRDEFFPY6IFXPZU&marketplace=FLIPKART&q=laptop&store=6bo%2Fb5g&srno=s_1_10&otracker=search&otracker1=search&fm=organic&iid=fc3f6a77-b6e5-4731-a411-0f82a26290d3.COMGYSFGRDEFFPY6.SEARCH&ppt=None&ppn=None&ssid=u5hlqtj48w0000001773084071653&qH=312f91285e048e09&ov_redirect=true
Samsung Galaxy Book4 Metal Intel Core i3 13th Gen 1315U - (8 GB/512 GB SSD/Windows 11 Home) NP750XGJ-L...,"₹43,990",https://www.flipkart.com/samsung-galaxy-book4-metal-intel-core-i3-13th-gen-1315u-8-gb-512-gb-ssd-windows-11-home-np750xgj-lg9in-thin-light-laptop/p/itmc29d559898e6f?pid=COMH4Y6KKRC9YSWE&lid=LSTCOMH4Y6KKRC9YSWERDUMZD&marketplace=FLIPKART&q=laptop&store=6bo%2Fb5g&srno=s_4_91&otracker=search&otracker1=search&fm=Search&iid=en_eN3-bq1zgPxnJNiQxjj0EYiapNr1OE15VovqdQxT-lLXxo3buNGqrXijXFyuMNR0ytmgAA-hN66mrwb0lnxcqWVkv0XZFiOX7bbXdlao_f8%3D&ppt=sp&ppn=sp&ssid=k1ir18u0z40000001773084093141&qH=312f91285e048e09&ov_redirect=true
ASUS ExpertBook P1 (i5 14th Gen) Intel Core 5 210H - (16 GB/512 GB SSD/Windows 11 Home) P1503CVA-S7222...,"₹55,990",https://www.flipkart.com/asus-expertbook-p1-i5-14th-gen-intel-core-5-210h-16-gb-512-gb-ssd-windows-11-home-p1503cva-s72222ws-laptop/p/itm729cd00980e6a?pid=COMHGYAFCZG8YRYS&lid=LSTCOMHGYAFCZG8YRYSWDI8LO&marketplace=FLIPKART&q=laptop&store=6bo%2Fb5g&srno=s_4_92&otracker=search&otracker1=search&fm=Search&iid=en_eN3-bq1zgPxnJNiQxjj0EYiapNr1OE15VovqdQxT-lK0RqSQHviZsd1mGE4ISs0-0FcBH4rr6G13cFR4XiQkX_cUmN_6PwCReg_VTM4VLxo%3D&ppt=sp&ppn=sp&ssid=k1ir18u0z40000001773084093141&qH=312f91285e048e09&ov_redirect=true
Lenovo IdeaPad Slim 3 Intel Core i5 12th Gen 12450H - (8 GB/512 GB SSD/Windows 11 Home) 14IAH8 Thin an...,"₹44,999",https://www.flipkart.com/lenovo-ideapad-slim-3-intel-core-i5-12th-gen-12450h-8-gb-512-gb-ssd-windows-11-home-14iah8-thin-light-laptop/p/itm726ac134d0530?pid=COMHFYZ3GZVH37GY&lid=LSTCOMHFYZ3GZVH37GYBMASJU&marketplace=FLIPKART&q=laptop&store=6bo%2Fb5g&srno=s_4_93&otracker=search&otracker1=search&fm=Search&iid=e7d54d52-77d7-4dc0-8713-7e2dbedac950.COMHFYZ3GZVH37GY.SEARCH&ppt=sp&ppn=sp&ssid=k1ir18u0z40000001773084093141&qH=312f91285e048e09&ov_redirect=true
HP 250R G10 (2025) Intel Core 3 14th Gen 100U - (8 GB/512 GB SSD/Windows 11 Home) 250R G10 Thin and Li...,"₹41,899",https://www.flipkart.com/hp-250r-g10-2025-intel-core-3-14th-gen-100u-8-gb-512-gb-ssd-windows-11-home-thin-light-laptop/p/itm21dd6a1b267a9?pid=COMHG6XMSCZ8WF5W&lid=LSTCOMHG6XMSCZ8WF5WMOKIRY&marketplace=FLIPKART&q=laptop&store=6bo%2Fb5g&srno=s_4_94&otracker=search&otracker1=search&fm=Search&iid=e7d54d52-77d7-4dc0-8713-7e2dbedac950.COMHG6XMSCZ8WF5W.SEARCH&ppt=sp&ppn=sp&ssid=k1ir18u0z40000001773084093141&qH=312f91285e048e09&ov_redirect=true
Acer Aspire Lite Intel Core i3 13th Gen 1305U - (16 GB/512 GB SSD/Windows 11 Home) AL15-53 Notebook,"₹39,990",https://www.flipkart.com/acer-aspire-lite-intel-core-i3-13th-gen-1305u-16-gb-512-gb-ssd-windows-11-home-al15-53-notebook/p/itm1bc0bcb4598e7?pid=COMH5WHPWD7GUWGT&lid=LSTCOMH5WHPWD7GUWGTDLXKRU&marketplace=FLIPKART&q=laptop&store=6bo%2Fb5g&srno=s_4_95&otracker=search&otracker1=search&fm=Search&iid=e7d54d52-77d7-4dc0-8713-7e2dbedac950.COMH5WHPWD7GUWGT.SEARCH&ppt=sp&ppn=sp&ssid=k1ir18u0z40000001773084093141&qH=312f91285e048e09&ov_redirect=true
Lenovo IdeaPad 5 2-in-1 WUXGA IPS AMD Ryzen 5 Hexa Core 8645HS - (16 GB/512 GB SSD/Windows 11 Home) 14...,"₹54,990",https://www.flipkart.com/lenovo-ideapad-5-2-in-1-wuxga-ips-amd-ryzen-hexa-core-8645hs-16-gb-512-gb-ssd-windows-11-home-14ahp9-2-1-laptop/p/itm1795dad2ff938?pid=COMHYVZSZ5EXC7JQ&lid=LSTCOMHYVZSZ5EXC7JQDKWM0G&marketplace=FLIPKART&q=laptop&store=6bo%2Fb5g&srno=s_4_96&otracker=search&otracker1=search&fm=Search&iid=e7d54d52-77d7-4dc0-8713-7e2dbedac950.COMHYVZSZ5EXC7JQ.SEARCH&ppt=sp&ppn=sp&ssid=k1ir18u0z40000001773084093141&qH=312f91285e048e09&ov_redirect=true
